i,x1,x2,f(x),delta,y(alpha=0),y(alpha=0.01),y(alpha=0.03),y(alpha=0.05)
1,0.6180150131,0.0694530585,6.6567883302,0.9026609613,6.6567883302,6.7168765597,6.8370530188,6.9572294779
2,0.7471540198,-0.2263596668,5.5825645164,0.9217303433,5.5825645164,5.6340207075,5.7369330896,5.8398454718
3,-0.3457265248,-0.9852305396,6.3717932329,-0.9539492,6.3717932329,6.3110095623,6.1894422212,6.06787488
4,-0.5961985187,0.8275670741,4.0624018532,-0.368678328,4.0624018532,4.047424658,4.0174702675,3.9875158771
5,-0.0831407627,0.9786168174,4.5690879968,0.980987189,4.5690879968,4.6139101647,4.7035545005,4.7931988363
6,0.0989796976,-0.5853439168,3.6164736402,0.4661297994,3.6164736402,3.6333311015,3.6670460242,3.7007609468
7,0.1570916486,0.8480020879,6.0276901505,0.9003041559,6.0276901505,6.0819576954,6.1904927853,6.2990278751
8,0.0063315288,-0.869423885,3.3300136591,-0.1720118066,3.3300136591,3.3242856424,3.3128296091,3.3013735758
9,0.9684635159,0.6297475652,13.2235227494,-0.0269962005,13.2235227494,13.2199529007,13.2128132033,13.2056735058
10,-0.2520526637,0.2942045134,5.2582683889,0.3329644255,5.2582683889,5.275776552,5.3107928783,5.3458092046
11,0.1057100059,-0.5263364454,3.7573233204,-0.5543217131,3.7573233204,3.7364956614,3.6948403434,3.6531850254
12,0.5604073502,-0.7153220651,1.9767647174,-0.5600365942,1.9767647174,1.9656941116,1.9435529,1.9214116884
13,-0.4184058208,-0.9040823128,7.2201889492,0.9895905479,7.2201889492,7.2916392566,7.4345398713,7.5774404861
14,-0.1245841014,-0.0388229241,5.1957169833,-0.4280151122,5.1957169833,5.1734785294,5.1290016217,5.0845247139
15,0.6506540891,0.5872210125,9.3830363951,-0.5913180353,9.3830363951,9.3275528086,9.2165856357,9.1056184628
16,0.7601783321,-0.8870801897,0.7348117249,-0.9789404604,0.7348117249,0.7276183556,0.7132316171,0.6988448785
17,0.8281719692,0.8750608099,12.7834073113,0.3734598033,12.7834073113,12.8311481991,12.9266299747,13.0221117503
18,-0.4759532168,-0.8637538935,7.8765309666,0.1400122853,7.8765309666,7.8875590776,7.9096152996,7.9316715216
19,0.3525861699,-0.7338541185,2.18537519,0.2936612797,2.18537519,2.1917927907,2.2046279922,2.2174631937
20,0.4787673147,-0.8966515361,0.961675743,0.7414692141,0.961675743,0.9688062726,0.9830673317,0.9973283909
21,0.8655767219,0.4798015372,11.0372658998,-0.9335892621,11.0372658998,10.9342231705,10.728137712,10.5220522535
22,0.1310856659,-0.2062045138,4.5168935858,0.5341032314,4.5168935858,4.5410184604,4.5892682096,4.6375179588
23,0.058616658,0.498523971,5.4131133901,-0.8436685922,5.4131133901,5.3674446526,5.2761071775,5.1847697024
24,-0.0971592441,0.1858470952,5.1692694471,0.2432282696,5.1692694471,5.1818425717,5.206988821,5.2321350702
25,-0.0261466125,-0.0857725306,4.9521340095,0.4570646225,4.9521340095,4.9747684621,5.0200373673,5.0653062726
26,-0.6960513796,-0.3168466311,9.245041319,0.2086811453,9.245041319,9.2643339771,9.3029192933,9.3415046095
27,-0.0436831256,0.7386020517,5.0204421405,0.6122403843,5.0204421405,5.0511793148,5.1126536633,5.1741280118
28,-0.1428606607,-0.0032171744,5.2448962316,0.6419889079,5.2448962316,5.2785678836,5.3459111877,5.4132544918
29,-0.3676773696,0.4756514433,5.0688138573,-0.1142392535,5.0688138573,5.0630232822,5.051442132,5.0398609817
30,0.7681911128,0.6184947096,10.7442107945,-0.1775327904,10.7442107945,10.7251362973,10.6869873028,10.6488383084
31,-0.6071485598,-0.2348285119,8.1583530358,0.4899213579,8.1583530358,8.1983225498,8.2782615777,8.3582006057
32,-0.3226885042,0.0955097253,5.7139762428,-0.2126971678,5.7139762428,5.7018227772,5.6775158459,5.6532089146
33,0.0025259464,0.5433841854,5.2552316834,-0.4006732444,5.2552316834,5.2341753761,5.1920627615,5.149950147
34,-0.5165440311,0.3626636487,5.7704492368,-0.7862887855,5.7704492368,5.7250768416,5.6343320511,5.5435872607
35,0.2885687696,-0.8956192904,1.620903404,0.2994533433,1.620903404,1.6257572534,1.6354649523,1.6451726512
36,-0.1178446467,-0.362621209,4.9922968781,-0.8427384828,4.9922968781,4.9502248711,4.8660808572,4.7819368433
37,-0.8439658878,-0.9928059054,13.292148737,0.0104243265,13.292148737,13.293534354,13.2963055879,13.2990768219
38,0.5167820414,-0.5550574235,2.9474842244,0.7807150829,2.9474842244,2.9704956783,3.0165185861,3.0625414939
39,0.5901029864,-0.1685454218,5.2578376081,-0.5104194988,5.2578376081,5.2310005797,5.177326523,5.1236524663
40,0.7162847224,0.4317353119,9.2590920839,0.958332496,9.2590920839,9.3478249722,9.5252907487,9.7027565253
41,0.9981447365,0.0976087758,9.7533949418,0.6234385257,9.7533949418,9.8142013634,9.9358142067,10.05742705
42,-0.8151697976,-0.551283838,11.4282106267,-0.372782685,11.4282106267,11.3856082363,11.3004034554,11.2151986746
43,0.5479844675,0.0626828556,6.2526487496,0.2995130985,6.2526487496,6.2713762516,6.3088312556,6.3462862596
44,-0.5252495113,-0.7712316758,8.374278209,0.2638118154,8.374278209,8.3963705444,8.4405552151,8.4847398858
45,-0.5841216546,0.0534915394,7.1220234206,0.6805918734,7.1220234206,7.1704953332,7.2674391585,7.3643829837
46,-0.3630627553,0.2911091696,5.4886639172,0.5290687489,5.4886639172,5.5177027227,5.5757803338,5.6338579448
47,-0.3767557612,-0.2782330118,6.4646148896,-0.9333279966,6.4646148896,6.404278829,6.2836067077,6.1629345864
48,0.6170878287,-0.8089489088,1.3292041875,-0.0954205029,1.3292041875,1.3279358542,1.3253991875,1.3228625209
49,0.4798430882,-0.7003748486,2.1280138694,-0.419454023,2.1280138694,2.1190878296,2.10123575,2.0833836705
50,-0.6101006612,-0.2964514007,8.3529362806,-0.2009865996,8.3529362806,8.336147998,8.3025714328,8.2689948676
51,-0.0378504121,0.4389226808,5.1749894112,-0.690894375,5.1749894112,5.1392357005,5.067728279,4.9962208575
52,-0.0689345131,0.1891100564,5.1547883239,-0.313358841,5.1547883239,5.138635339,5.1063293691,5.0740233992
53,0.5527022176,0.8026272084,9.2384101278,-0.5419042627,9.2384101278,9.1883467895,9.0882201129,8.9880934364
54,-0.5175924912,-0.4015507547,7.7491862509,0.3761729815,7.7491862509,7.7783365959,7.8366372858,7.8949379757
55,0.7958886471,0.8726289687,12.3440611227,0.0859776443,12.3440611227,12.3546742557,12.3759005216,12.3971267875
56,-0.4973785673,0.8187493946,4.0321057807,-0.2958970237,4.0321057807,4.0201748997,3.9963131377,3.9724513757
57,-0.887965561,0.1943219128,8.7790824914,0.3921055127,8.7790824914,8.8135057578,8.8823522906,8.9511988235
58,0.316958765,0.6647299188,6.8830634013,0.1154241201,6.8830634013,6.8910081167,6.9068975474,6.9227869781
59,-0.6054299651,-0.588143106,8.9966579801,-0.4480577254,8.9966579801,8.956347759,8.8757273168,8.7951068746
60,0.371373761,0.5528378206,7.0025929801,0.2905198028,7.0025929801,7.0229368994,7.0636247381,7.1043125767
61,-0.7316172936,-0.5244837826,10.2944194332,0.0412426609,10.2944194332,10.2986651257,10.3071565107,10.3156478957
62,-0.3067023665,-0.2439806344,5.9973329559,-0.1667752835,5.9973329559,5.9873308869,5.9673267488,5.9473226107
63,0.4386305553,-0.9211325166,0.9254775643,-0.4972075419,0.9254775643,0.9208760201,0.9116729316,0.9024698431
64,-0.9989345647,-0.019303214,11.1035885931,-0.0398693402,11.1035885931,11.0991616656,11.0903078106,11.0814539555
65,0.0746800053,-0.8906992657,2.8035390819,0.5109865114,2.8035390819,2.8178647885,2.8465162016,2.8751676147
66,0.8838940105,-0.6491805251,2.9351857741,0.2215520875,2.9351857741,2.9416887395,2.9546946702,2.9677006009
67,-0.3544710376,-0.5249194969,6.484740956,0.6143142192,6.484740956,6.5245776418,6.6042510133,6.6839243849
68,0.745612487,-0.5322735354,3.4404002035,0.2985293641,3.4404002035,3.4506708084,3.4712120181,3.4917532278
69,0.8075633708,0.5345708673,10.7239334343,-0.5719986681,10.7239334343,10.6625926779,10.5399111651,10.4172296522
70,0.3505998927,0.4162182747,6.5284647308,-0.9243314472,6.5284647308,6.4681200783,6.3474307732,6.2267414682
71,-0.548402874,0.2079577059,6.4185305084,-0.1233743906,6.4185305084,6.4106116855,6.3947740397,6.3789363939
72,-0.1338535478,0.0153146546,5.2241680791,0.1127037531,5.2241680791,5.2300559126,5.2418315796,5.2536072466
73,0.6060894048,-0.4706260303,3.5418273834,0.4333124125,3.5418273834,3.5571745611,3.5878689164,3.6185632718
74,-0.2131212402,0.574504153,4.8276004234,0.0299929483,4.8276004234,4.8290483631,4.8319442425,4.8348401219
75,0.5743172288,-0.1426307053,5.3385030444,0.7714474308,5.3385030444,5.379686789,5.4620542781,5.5444217673
76,0.489452597,-0.20035733,4.7814083284,-0.17408791,4.7814083284,4.7730844746,4.7564367669,4.7397890593
77,-0.2416597934,0.5427654781,4.8636760329,-0.2579306938,4.8636760329,4.8511311196,4.8260412929,4.8009514662
78,0.2907245387,0.5399698578,6.4791590735,0.8129326566,6.4791590735,6.5318302735,6.6371726734,6.7425150734
79,0.6808720871,-0.7755300121,1.5638279305,-0.7799086716,1.5638279305,1.5516315009,1.5272386416,1.5028457823
80,-0.0005851966,-0.6926277009,3.8310633396,0.1307573086,3.8310633396,3.8360727349,3.8460915255,3.8561103162
81,-0.8122354547,-0.3552924674,10.6494103909,0.5344572845,10.6494103909,10.7063269405,10.8201600397,10.9339931389
82,0.3215584682,0.5312113532,6.6401751888,0.8789004398,6.6401751888,6.6985357177,6.8152567756,6.9319778335
83,0.1739198443,0.9026170655,6.1641013519,0.2873221605,6.1641013519,6.1818121811,6.2172338394,6.2526554978
84,0.0164194185,-0.7700098425,3.533501771,-0.4266232924,3.533501771,3.5184270294,3.4882775462,3.458128063
85,0.8549324698,-0.4615538725,4.3628475749,0.6281387113,4.3628475749,4.3902523094,4.4450617785,4.4998712476
86,0.0960293143,0.1136894882,5.1272656854,0.1755677196,5.1272656854,5.1362675088,5.1542711557,5.1722748026
87,-0.9714505342,0.1257498106,9.9448499871,0.5311434986,9.9448499871,9.9976714113,10.1033142596,10.2089571079
88,0.9669456422,0.7176118794,13.7678605596,-0.0293539762,13.7678605596,13.7638191451,13.7557363161,13.747653487
89,0.7618741218,0.4313776599,9.6862660706,-0.5463891687,9.6862660706,9.6333413619,9.5274919446,9.4216425273
90,0.9874623684,0.964613121,15.5897160238,0.500544502,15.5897160238,15.6677494902,15.8238164231,15.979883356
91,0.8873960023,-0.6818946614,2.6673131559,-0.0423529411,2.6673131559,2.6661834703,2.6639240992,2.6616647281
92,0.9457919948,-0.8729934288,1.1120181615,0.6870850229,1.1120181615,1.1196586717,1.1349396922,1.1502207127
93,-0.7124749888,0.6911327641,5.0171426451,-0.2976453374,5.0171426451,5.0022093539,4.9723427716,4.9424761893
94,0.817711027,-0.6627830271,2.6297262949,-0.2668895677,2.6297262949,2.6227078298,2.6086708995,2.5946339692
95,-0.7823541332,0.8898912042,4.0672584988,0.5034068091,4.0672584988,4.087733355,4.1286830675,4.1696327799
96,-0.5047030678,-0.7058621388,8.0679810115,-0.2445602586,8.0679810115,8.0482499363,8.0087877858,7.9693256354
97,-0.6463028104,0.0925765886,7.4000180222,0.1975675288,7.4000180222,7.4146380549,7.4438781204,7.4731181859
98,-0.039751633,-0.0834344261,4.9804734479,0.6898684747,4.9804734479,5.0148321641,5.0835495965,5.1522670289
99,0.3047577259,0.0954027672,5.4494528234,0.2044488458,5.4494528234,5.4605941668,5.4828768536,5.5051595404
100,-0.6886420059,0.116083059,7.6028111556,0.1705612371,7.6028111556,7.6157786044,7.6417135019,7.6676483994
101,-0.0784367214,-0.7449783601,4.2182628212,0.3108615026,4.2182628212,4.2313757764,4.2576016868,4.2838275971
102,-0.5841610461,-0.4938394869,8.5720372982,-0.3337648301,8.5720372982,8.5434268525,8.486205961,8.4289850696
103,0.8515775197,0.0604771792,8.1916705744,0.7977496487,8.1916705744,8.2570195976,8.3877176441,8.5184156905
104,0.4715682539,-0.0335443399,5.4949161533,0.3030179434,5.4949161533,5.5115667352,5.5448678991,5.5781690629
105,-0.4459921942,0.1570339002,6.082660379,-0.5868107238,6.082660379,6.0469666756,5.9755792688,5.904191862
106,0.6583758338,0.0766546776,6.9329697078,0.6908815713,6.9329697078,6.9808683179,7.076665538,7.1724627581
107,0.9216835033,0.6957016909,13.0260371482,-0.1082907884,13.0260371482,13.0119311499,12.9837191532,12.9555071566
108,0.4379186573,0.4527275299,7.1565152324,0.8995264043,7.1565152324,7.2208899765,7.3496394648,7.4783889531
109,-0.3797240085,0.7699091259,4.2313538291,0.24671,4.2313538291,4.2417930021,4.2626713482,4.2835496943
110,-0.7406200616,-0.9551147102,11.5674914285,-0.7627669701,11.5674914285,11.4792584246,11.3027924168,11.1263264091
111,0.626929226,0.2311647946,7.5304674387,0.2479481017,7.5304674387,7.5491390898,7.5864823919,7.623825694
112,0.5275039495,-0.9051539397,0.7970345933,-0.6976839477,0.7970345933,0.7914738109,0.7803522461,0.7692306812
113,0.750800649,-0.887908977,0.724917642,-0.0711683068,0.724917642,0.7244017304,0.7233699072,0.7223380839
114,0.9918324091,0.3105263433,11.2968556012,0.8892096858,11.2968556012,11.3973083354,11.5982138038,11.7991192722
115,-0.3166040706,0.2659539111,5.4236025505,0.539604167,5.4236025505,5.4528685359,5.5114005066,5.5699324773
116,0.3316943163,0.1736300772,5.7650387227,0.3247399137,5.7650387227,5.7837601045,5.821202868,5.8586456316
117,0.0020494524,-0.259167524,4.6679181589,0.0363264966,4.6679181589,4.66961385,4.6730052323,4.6763966146
118,0.4338886722,0.5911929975,7.5446756772,-0.0607690812,7.5446756772,7.5400908471,7.5309211869,7.5217515268
119,0.1011592446,-0.6936229583,3.2841063312,-0.3002722532,3.2841063312,3.2742450711,3.254522551,3.2348000308
120,0.6172521982,-0.5740455817,2.9038589909,-0.6045052372,2.9038589909,2.8863050112,2.8511970519,2.8160890925
121,0.5246765259,-0.4945699213,3.296156833,-0.0473653301,3.296156833,3.2945955974,3.2914731263,3.2883506552
122,0.0886400204,0.0360089846,5.0077004432,-0.2988487256,5.0077004432,4.9927349942,4.9628040963,4.9328731984
123,-0.5465435433,-0.0161287669,7.0854093768,-0.3101367537,7.0854093768,7.0634349182,7.0194860009,6.9755370837
124,-0.3363877924,-0.3419249191,6.2484695383,0.4566784938,6.2484695383,6.2770049549,6.334075788,6.3911466212
125,-0.2520221127,-0.1139368712,5.6436816343,0.1598065754,5.6436816343,5.6527006086,5.6707385573,5.688776506
126,0.6990522837,-0.9026442902,0.6099383212,-0.6099079286,0.6099383212,0.606218259,0.5987781347,0.5913380103
127,0.4565912787,0.4124480597,7.1463626668,0.6397350603,7.1463626668,7.1920804543,7.2835160293,7.3749516044
128,0.1229730592,0.0623229505,5.0647259148,0.5052545717,5.0647259148,5.090315674,5.1414951925,5.1926747109
129,0.940408537,0.7773612177,13.7717631784,-0.4227077157,13.7717631784,13.7135488729,13.5971202618,13.4806916507
130,-0.1974466953,-0.4951816828,5.3363900088,-0.7123518855,5.3363900088,5.298376134,5.2223483843,5.1463206346
131,0.414848155,0.5390756967,7.2595618007,0.4883313517,7.2595618007,7.295012517,7.3659139495,7.436815382
132,-0.8113355507,0.3624996165,7.2749942925,-0.8981352997,7.2749942925,7.2096550007,7.0789764171,6.9482978335
133,0.6603447074,0.6874274192,9.912375324,-0.4872457014,9.912375324,9.8640777013,9.767482456,9.6708872106
134,-0.0794669937,0.5781682196,5.0333147067,-0.7585225813,5.0333147067,4.9951358781,4.9187782208,4.8424205635
135,-0.0920092629,0.7006262025,4.8928382088,0.2373333539,4.8928382088,4.9044505458,4.9276752199,4.9508998939
136,-0.7519547849,0.2742307062,7.3346993617,0.4597920397,7.3346993617,7.3684237255,7.4358724531,7.5033211807
137,-0.4723728471,-0.2265765895,7.0593402408,0.1096895308,7.0593402408,7.067083598,7.0825703124,7.0980570267
138,0.6078806521,-0.7810502495,1.5251266972,-0.2871840712,1.5251266972,1.5207467763,1.5119869344,1.5032270925
139,0.1188919222,-0.8491785068,2.6747786257,0.1317930346,2.6747786257,2.6783037976,2.6853541415,2.6924044853
140,-0.1178102127,-0.7891296571,4.4261239002,0.9839965542,4.4261239002,4.4696768069,4.5567826202,4.6438884335
141,0.6382173087,0.2323206175,7.6146343799,-0.5600528028,7.6146343799,7.5719884066,7.4866964601,7.4014045136
142,-0.3823725464,-0.273032439,6.4966379785,-0.8728910792,6.4966379785,6.4399294051,6.3265122584,6.2130951117
143,0.1251492658,0.3267791609,5.4594301732,0.2975596877,5.4594301732,5.4756752366,5.5081653633,5.5406554901
144,0.7344565914,-0.6389991116,2.6301370897,-0.2703532611,2.6301370897,2.6230264283,2.6088051055,2.5945837827
145,0.4378739374,0.0531647661,5.7340885199,0.7981518837,5.7340885199,5.7798552554,5.8713887265,5.9629221976
146,0.9985432624,-0.2334188562,7.0674449702,-0.1568123342,7.0674449702,7.0563623448,7.0341970939,7.0120318431
147,-0.3555990862,0.7553493753,4.2924384999,-0.6236744185,4.2924384999,4.265667659,4.2121259773,4.1585842956
148,-0.45031709,0.6292024125,4.7141670384,-0.5253522258,4.7141670384,4.6894010569,4.639869094,4.5903371311
149,0.6122514022,-0.2083788474,5.1171452133,-0.9788943484,5.1171452133,5.067053768,4.9668708774,4.8666879868
150,-0.7412562595,-0.5638495476,10.5324836568,-0.0307018462,10.5324836568,10.5292499899,10.522782656,10.5163153221
151,0.0106439023,-0.5506381008,4.0950555751,0.5962069481,4.0950555751,4.119470581,4.1683005927,4.2171306044
152,-0.0070144831,0.8843174795,5.0661393628,0.6828300332,5.0661393628,5.1007324839,5.1699187261,5.2391049683
153,0.1175812084,0.7152578065,5.7439157116,0.7716195577,5.7439157116,5.7882368886,5.8768792426,5.9655215966
154,0.3785234147,-0.4182091431,3.6366547619,-0.6031727324,3.6366547619,3.614719452,3.5708488322,3.5269782124
155,0.7629353513,0.9958319072,12.4698546815,-0.8742033978,12.4698546815,12.3608427882,12.1428190015,11.9247952149
156,-0.4031743093,0.7449621353,4.3034683195,0.0925052754,4.3034683195,4.3074492547,4.3154111252,4.3233729956
157,0.8897961988,0.504074313,11.4585374315,-0.757400726,11.4585374315,11.3717503858,11.1981762944,11.024602203
158,-0.6402485621,0.2595737346,6.718692907,0.4031164914,6.718692907,6.7457770661,6.7999453843,6.8541137026
159,0.6168946124,-0.8607535343,0.9672904951,-0.2533061633,0.9672904951,0.9648402887,0.9599398758,0.9550394629
160,0.3034631243,0.3855880143,6.2129783169,-0.6788981251,6.2129783169,6.1707985236,6.086438937,6.0020793504
161,0.9729837905,-0.8883811265,1.0322382889,0.769738729,1.0322382889,1.0401838268,1.0560749026,1.0719659783
162,0.6396492179,0.0086788562,6.4535698906,0.0319439535,6.4535698906,6.455631416,6.4597544667,6.4638775174
163,0.3862624916,0.3803311898,6.6237641574,-0.4050357913,6.6237641574,6.5969355418,6.5432783107,6.4896210796
164,-0.8515046032,0.5250399967,6.5966602297,0.3970683468,6.5966602297,6.6228534794,6.6752399789,6.7276264783
165,-0.2000884331,-0.0381006066,5.4140775103,-0.167860303,5.4140775103,5.4049894234,5.3868132496,5.3686370757
166,-0.725660241,-0.1182931597,8.8271722359,0.0612777535,8.8271722359,8.8325813287,8.8433995144,8.8542177001
167,-0.6478013124,-0.4716236684,9.1906104806,0.6929567611,9.1906104806,9.2542974373,9.3816713507,9.5090452642
168,-0.1964603615,0.6557045307,4.7134601849,-0.454589611,4.7134601849,4.6920332846,4.6491794839,4.6063256833
169,0.1672103308,-0.1891541557,4.5262529899,0.0672260678,4.5262529899,4.5292958118,4.5353814556,4.5414670994
170,0.0011976308,-0.0493766351,4.9465809088,-0.6215762539,4.9465809088,4.9158341365,4.8543405919,4.7928470473
171,-0.8093427844,-0.7218492766,11.9311703671,-0.8273595284,11.9311703671,11.8324566922,11.6350293425,11.4376019927
172,0.039191023,0.5323993265,5.3634958618,0.4659825936,5.3634958618,5.3884888189,5.4384747332,5.4884606474
173,0.4675305185,0.6357067603,7.9374632642,-0.476141107,7.9374632642,7.8996697387,7.8240826878,7.7484956369
174,-0.5356711337,-0.4225189493,7.9536661713,-0.9241550573,7.9536661713,7.8801619631,7.7331535468,7.5861451305
175,-0.0221207077,-0.2832192472,4.7049900183,-0.9441715233,4.7049900183,4.6605668424,4.5717204905,4.4828741387
176,-0.8858879403,0.6391149013,6.0772329137,-0.8738052161,6.0772329137,6.0241297355,5.9179233791,5.8117170227
177,0.2952796942,0.5351845657,6.4956367855,-0.8113571618,6.4956367855,6.4429339712,6.3375283427,6.2321227142
178,0.8238773953,-0.9636152395,0.1205171527,0.2823852783,0.1205171527,0.1208574754,0.1215381208,0.1222187662
179,-0.4487974651,0.6841359102,4.5227180191,0.3491644631,4.5227180191,4.5385097432,4.5700931914,4.6016766395
180,0.0746719972,0.9354711088,5.5025469241,0.753297268,5.5025469241,5.5439974597,5.626898531,5.7097996023
181,0.3829043442,-0.4345590219,3.5620120133,-0.6079860486,3.5620120133,3.5403554772,3.497042405,3.4537293328
182,-0.0193983683,-0.5764739844,4.1907621953,-0.3427474115,4.1907621953,4.1763984664,4.1476710085,4.1189435506
183,0.3698077366,0.916561787,7.7631188306,-0.7243631723,7.7631188306,7.7068856568,7.5944193091,7.4819529614
184,0.8538632534,0.3474817111,10.095200246,-0.4174901464,10.095200246,10.0530537797,9.9687608471,9.8844679146
185,0.5399550152,-0.1807681992,5.0211098657,0.5623935347,5.0211098657,5.049348263,5.1058250575,5.162301852
186,-0.1769846712,-0.4441111291,5.2424627514,0.5251716223,5.2424627514,5.2699946781,5.3250585314,5.3801223848
187,0.2727455571,0.2891519121,5.8568025168,0.3080658094,5.8568025168,5.8748453229,5.910930935,5.9470165472
188,0.6446965117,0.6277249184,9.5000022509,-0.2147697053,9.5000022509,9.4795991241,9.4387928704,9.3979866167
189,0.1041637015,0.5985869168,5.6268245044,0.4222277251,5.6268245044,5.6505825175,5.6980985437,5.7456145699
190,0.6981641723,0.9821951491,11.5566239665,0.3831050152,11.5566239665,11.6008979725,11.6894459845,11.7779939965
191,0.7509626577,-0.8682608222,0.8824040487,-0.968284363,0.8824040487,0.8738598683,0.8567715074,0.8396831466
192,0.3154738403,-0.6833394693,2.5228224934,0.222733885,2.5228224934,2.528441674,2.5396800351,2.5509183962
193,0.1271971359,-0.4749735731,3.8302180059,-0.4142910464,3.8302180059,3.8143497556,3.7826132551,3.7508767546
194,-0.0923669869,0.8248050739,4.746233636,0.3317427543,4.746233636,4.7619789222,4.7934694946,4.8249600669
195,0.4464812351,0.7625788263,8.114638545,-0.7744350967,8.114638545,8.0517959361,7.9261107184,7.8004255007
196,-0.3298718053,0.3501482457,5.2929650592,-0.9729464427,5.2929650592,5.2414673439,5.1384719134,5.0354764829
197,0.4971124439,-0.7592468936,1.7607711749,-0.9713901002,1.7607711749,1.743667218,1.7094593043,1.6752513905
198,0.7215388496,0.4104030991,9.1963775631,0.1423316126,9.1963775631,9.2094669156,9.2356456206,9.2618243255
199,-0.7044577443,-0.4785768406,9.8381088101,0.1913387477,9.8381088101,9.8569329243,9.8945811527,9.9322293811
200,-0.5261188195,-0.9514405127,8.5574396343,0.6465047725,8.5574396343,8.6127638899,8.7234124012,8.8340609125
201,0.7323677299,-0.0600176994,6.5781397216,0.705868895,6.5781397216,6.6245727638,6.7174388481,6.8103049324
202,-0.118313721,0.130422965,5.193701435,0.5288683814,5.193701435,5.2211692797,5.2761049691,5.3310406586
203,-0.447712208,-0.3248771313,7.0376812367,0.3889539779,7.0376812367,7.0650545778,7.1198012601,7.1745479423
204,0.7357964463,0.264107295,8.5258447011,-0.8859253918,8.5258447011,8.450312078,8.2992468319,8.1481815857
205,-0.231478632,0.9911113558,3.902252348,-0.4921726416,3.902252348,3.8830465295,3.8446348926,3.8062232557
206,0.8705337451,-0.1135814052,7.0999939986,-0.8021465967,7.0999939986,7.0430416384,6.9291369179,6.8152321975
207,0.740209364,-0.8316237268,1.1670887097,-0.178332099,1.1670887097,1.1650074159,1.1608448283,1.1566822407
208,0.624287896,0.4257049332,8.429206292,0.7863970232,8.429206292,8.4954933194,8.6280673741,8.7606414288
209,-0.970901101,-0.179429669,11.6919804078,-0.5397663225,11.6919804078,11.6288710351,11.5026522898,11.3764335444
210,0.7368269192,0.7513582552,11.0399085714,0.0475688237,11.0399085714,11.045160126,11.0556632353,11.0661663446
211,-0.2364248478,-0.4698142963,5.6028990363,0.464108596,5.6028990363,5.6289025724,5.6809096445,5.7329167166
212,0.5747104608,-0.6070527193,2.6590275484,-0.9463918206,2.6590275484,2.6338627292,2.5835330907,2.5332034523
213,0.6446058241,0.1227920186,7.0947588094,0.8237248073,7.0947588094,7.1532000977,7.2700826744,7.3869652511
214,-0.6446824031,0.5666629252,5.4110921473,0.1476106461,5.4110921473,5.4190794954,5.4350541915,5.4510288877
215,0.7269807293,0.4153216761,9.2718697409,0.0383209352,9.2718697409,9.2754228081,9.2825289425,9.2896350769
216,-0.4585059481,-0.9374511868,7.7021671723,-0.2521556058,7.7021671723,7.682745726,7.6439028334,7.6050599408
217,-0.2923369349,-0.070483345,5.7884243008,-0.5649151713,5.7884243008,5.7557246137,5.6903252396,5.6249258655
218,0.6369915081,0.588953597,9.2599957361,-0.9965974449,9.2599957361,9.1677108552,8.9831410934,8.7985713316
219,0.7537073002,-0.2017145903,5.7800264906,-0.5594835141,5.7800264906,5.7476881953,5.6830116046,5.618335014
220,-0.5145642598,0.0033350625,6.8297573592,-0.7131631486,6.8297573592,6.7810500466,6.6836354213,6.5862207961
221,0.2500772758,-0.4175915711,3.7396305147,0.9943070591,3.7396305147,3.7768139249,3.8511807453,3.9255475657
222,0.9380420355,-0.752444983,2.2021786667,0.4334761269,2.2021786667,2.2117245855,2.2308164231,2.2499082607
223,-0.1081273117,0.5526936527,4.9954793163,-0.6911793622,4.9954793163,4.9609515942,4.8918961501,4.8228407059
224,0.9557413602,0.4466304985,11.8466607551,-0.4224225376,11.8466607551,11.7966177901,11.6965318602,11.5964459302
225,-0.3483506705,-0.9946823601,6.3965041306,0.9552554841,6.3965041306,6.4576070871,6.5798130001,6.7020189131
226,-0.0523627246,-0.4076196545,4.641707092,0.9539461859,4.641707092,4.6859864798,4.7745452553,4.8631040308
227,0.9102805417,0.1964766366,9.6425883635,-0.2279681772,9.6425883635,9.6206063306,9.5766422647,9.5326781989
228,-0.5713867821,-0.8909647859,9.0826165341,-0.1416283798,9.0826165341,9.0697529715,9.0440258462,9.0182987209
229,0.271609344,-0.1449168904,4.6558055685,0.1421885285,4.6558055685,4.6624255899,4.6756656328,4.6889056756
230,-0.988294837,-0.6270325823,14.1895772657,-0.3028247383,14.1895772657,14.1466077155,14.060668615,13.9747295146
231,0.2524602525,0.1995939209,5.5787035523,0.7881131119,5.5787035523,5.6226700465,5.7106030348,5.7985360231
232,-0.3387411701,-0.6959448994,6.3824011961,-0.1097582192,6.3824011961,6.3753959862,6.3613855664,6.3473751466
233,-0.8615900065,0.8735430167,4.4152907836,0.5906787596,4.4152907836,4.4413709684,4.4935313381,4.5456917078
234,-0.9087097564,-0.8732718196,13.95645573,-0.9100833705,13.95645573,13.8294403473,13.5754095819,13.3213788165
235,-0.8893891624,0.7797069565,5.1619781731,-0.6079732755,5.1619781731,5.1305947253,5.0678278298,5.0050609342
236,-0.1700007846,0.1179611127,5.278174035,0.8196219162,5.278174035,5.3214351062,5.4079572485,5.4944793908
237,0.6379225877,0.5337878064,9.0292690271,-0.6225286847,9.0292690271,8.9730592374,8.860639658,8.7482200785
238,0.228806778,-0.4260492159,3.7430081415,-0.4870969532,3.7430081415,3.7247760629,3.6883119057,3.6518477484
239,-0.1568657642,-0.5509900701,5.0303403255,0.259059867,5.0303403255,5.0433719185,5.0694351044,5.0954982903
240,-0.9964640914,-0.3828328077,13.1021277735,-0.1800343321,13.1021277735,13.0785394453,13.0313627888,12.9841861324
241,-0.5651169177,0.7356119444,4.4464423002,0.8037433383,4.4464423002,4.482180284,4.5536562515,4.6251322191
242,-0.6180657967,-0.3807027927,8.649550657,0.7977324919,8.649550657,8.718550933,8.856551485,8.994552037
243,0.0633130774,-0.8681947501,2.9499962074,-0.5771192155,2.9499962074,2.9329712124,2.8989212225,2.8648712326
244,-0.14100232,0.7841559985,4.6356912545,-0.2008750838,4.6356912545,4.6263793058,4.6077554084,4.589131511
245,0.6643024738,-0.6158198419,2.6834979794,-0.4074948486,2.6834979794,2.6725628634,2.6506926313,2.6288223993
246,0.5906939897,-0.8736514397,0.9045600982,0.2160068437,0.9045600982,0.9065140099,0.9104218334,0.9143296568
247,0.0907773746,0.5985802301,5.5710700148,0.4306941,5.5710700148,5.5950642847,5.6430528244,5.6910413641
248,-0.1926192575,0.1187419017,5.3226685732,-0.59871991,5.3226685732,5.2908006967,5.2270649437,5.1633291907
249,-0.1184412183,-0.6680459597,4.6281207067,0.7704905528,4.6281207067,4.6637799395,4.7350984052,4.8064168708
250,0.0199181374,0.4985359254,5.3015727295,-0.4496385288,5.3015727295,5.2777348159,5.2300589886,5.1823831614
251,-0.5927629636,-0.4873200221,8.6468586163,-0.7412931601,8.6468586163,8.5827600448,8.4545629018,8.3263657589
252,0.5701560577,0.6775566501,8.9778984284,-0.6266943947,8.9778984284,8.9216344422,8.8091064698,8.6965784973
253,0.3822207847,-0.2798059872,4.241511831,0.0355107874,4.241511831,4.2430180252,4.2460304137,4.2490428022
254,-0.2703752114,0.0030779148,5.6331320843,0.8230866107,5.6331320843,5.6794976402,5.7722287521,5.864959864
255,-0.1049091861,-0.0099121795,5.1572075927,-0.5910550718,5.1572075927,5.1267256557,5.0657617816,5.0047979075
256,-0.0635553368,-0.2434190475,4.8893739176,0.0056170727,4.8893739176,4.8896485573,4.8901978367,4.890747116
257,0.3365396902,-0.6856216511,2.4588841393,0.2827037492,2.4588841393,2.465835497,2.4797382123,2.4936409276
258,-0.0625874578,-0.9837920292,3.561545916,0.3644859488,3.561545916,3.5745272504,3.6004899193,3.6264525881
259,0.8881764676,-0.1058917752,7.2806517972,0.2668051959,7.2806517972,7.3000769545,7.3389272691,7.3777775837
260,0.7764200367,-0.1873545951,5.9970029596,0.1201637346,5.9970029596,6.0042091823,6.0186216278,6.0330340732
261,-0.1688378019,-0.6948913775,4.9548709438,0.782921833,4.9548709438,4.9936637102,5.071249243,5.1488347759
262,-0.1999216464,-0.9241795268,4.9148220933,0.939879755,4.9148220933,4.9610155111,5.0534023468,5.1457891825
263,-0.3691987993,-0.0405103099,6.1132806756,0.970378555,6.1132806756,6.1726026403,6.2912465696,6.409890499
264,-0.9686483895,0.1988911026,9.4707915103,0.8697426636,9.4707915103,9.5531630246,9.7179060533,9.882649082
265,-0.2056841312,0.6195590409,4.7608853347,0.6414013931,4.7608853347,4.7914217196,4.8524944893,4.913567259
266,0.980209297,-0.6332331836,3.4447172081,0.4879107436,3.4447172081,3.4615243534,3.4951386441,3.5287529348
267,0.5875337589,-0.4367049382,3.714977432,0.0531532842,3.714977432,3.7169520645,3.7209013295,3.7248505946
268,0.2444524772,0.6932444102,6.4532463824,-0.1383422895,6.4532463824,6.4443188136,6.426463676,6.4086085384
269,-0.9448790304,0.7540039711,5.6072451356,-0.2360013681,5.6072451356,5.5940119604,5.5675456099,5.5410792594
270,-0.645459384,0.866671453,3.9282919562,0.1367344792,3.9282919562,3.9336632857,3.9444059448,3.9551486039
271,0.8962384535,-0.507953265,4.167277849,-0.6881885512,4.167277849,4.1385991199,4.0812416618,4.0238842037
272,-0.2626020652,-0.7459770266,5.6762082921,0.2308318728,5.6762082921,5.68931079,5.7155157858,5.7417207816
273,0.8579696852,0.0160696688,7.9349126737,0.0104061606,7.9349126737,7.9357383935,7.937389833,7.9390412725
274,0.4326167538,0.3034781946,6.6335769643,0.4292553927,6.6335769643,6.6620519511,6.7190019248,6.7759518985
275,0.7621929009,0.2659730041,8.7567877041,-0.6365904925,8.7567877041,8.7010428261,8.5895530702,8.4780633142
276,-0.232103637,-0.9749577299,5.1600024688,0.4895315985,5.1600024688,5.1852623114,5.2357819965,5.2863016816
277,0.9203278244,-0.3147765746,5.8729443504,-0.2727955618,5.8729443504,5.8569232189,5.8248809558,5.7928386927
278,-0.8466295986,0.2740354708,8.0054322318,0.5904560896,8.0054322318,8.0527007939,8.1472379181,8.2417750424
279,0.0691080441,-0.9836160556,2.527824492,0.9725935668,2.527824492,2.5524099504,2.6015808672,2.6507517839
280,-0.3031450403,-0.999910898,5.8847231219,0.6469762424,5.8847231219,5.9227958824,5.9989414035,6.0750869245
281,0.7794500096,-0.6528985578,2.6167739831,-0.7381195045,2.6167739831,2.5974590639,2.5588292256,2.5201993873
282,-0.40194872,0.5876490104,4.7986468657,0.9390226165,4.7986468657,4.8437072451,4.9338280038,5.0239487625
283,0.2518530304,0.7815744159,6.6139057584,-0.1563379444,6.6139057584,6.6035657141,6.5828856255,6.5622055369
284,0.5420324255,0.2555886265,7.0869876685,-0.3299100085,7.0869876685,7.0636069869,7.0168456236,6.9700842604
285,-0.1628131382,-0.4376606507,5.1649445602,0.2374355302,5.1649445602,5.1772079737,5.2017348007,5.2262616277
286,-0.8080584879,-0.9008605053,12.456076776,0.5693520169,12.456076776,12.5269957004,12.6688335491,12.8106713978
287,-0.081345503,-0.9844169049,3.7214826278,0.1015760288,3.7214826278,3.7252627621,3.7328230306,3.7403832991
288,-0.49440835,-0.3036403753,7.3716249386,-0.5933156589,7.3716249386,7.3278879335,7.2404139234,7.1529399132
289,-0.9667053309,0.4344410781,7.9451677995,-0.0892959391,7.9451677995,7.9380730873,7.9238836629,7.9096942385
290,0.7228808084,-0.2840043093,5.0881308975,0.4415280641,5.0881308975,5.1105964234,5.1555274751,5.2004585268
291,0.5717763147,0.6976786305,9.0662004279,-0.6370955189,9.0662004279,9.0084400712,8.8929193579,8.7773986446
292,-0.2385388289,0.5138394502,4.9148565381,0.8941656461,4.9148565381,4.9588034968,5.0466974143,5.1345913317
293,0.3815898701,0.1288986362,5.8030529494,-0.0012697336,5.8030529494,5.8029792661,5.8028318995,5.8026845328
294,0.1871143136,0.5420784786,5.9461884169,-0.9049337394,5.9461884169,5.8923793517,5.7847612213,5.6771430909
295,0.8977493843,0.0180772757,8.2633729305,-0.7709760229,8.2633729305,8.1996643065,8.0722470586,7.9448298106
296,-0.7310166078,0.5567753526,5.8006353646,0.5487840198,5.8006353646,5.8324683245,5.8961342444,5.9598001642
297,-0.5229241709,0.1991286521,6.3207447484,-0.4892658574,6.3207447484,6.2898195024,6.2279690104,6.1661185185
298,-0.8229014039,-0.3459719556,10.7359721128,0.0655707999,10.7359721128,10.7430117756,10.7570911012,10.7711704268
299,-0.4803548824,0.2433572375,5.9999085797,0.6176485301,5.9999085797,6.0369669268,6.1110836211,6.1852003154
300,-0.2518179477,0.1793800429,5.3998843849,-0.8615945459,5.3998843849,5.3533592756,5.2603090569,5.1672588382
301,0.0336239025,0.2219994642,5.1969960521,0.8544275777,5.1969960521,5.2414006196,5.3302097545,5.4190188895
302,-0.0929733365,-0.3247154151,4.917367156,-0.3483094071,4.917367156,4.9002395036,4.8659841988,4.8317288941
303,0.3583758608,0.3693234161,6.4432102377,0.2469198202,6.4432102377,6.4591198008,6.4909389271,6.5227580534
304,-0.0782687776,-0.4894169913,4.6480952902,0.3598608903,4.6480952902,4.6648219673,4.6982753215,4.7317286757
305,0.0147874047,-0.2948020496,4.5740801334,0.9547261536,4.5740801334,4.6177500727,4.7050899514,4.79242983
306,0.026108601,-0.8531815379,3.2402717852,0.4939971303,3.2402717852,3.2562786348,3.2882923341,3.3203060334
307,0.0636993301,0.7358546979,5.4790754138,0.4081239961,5.4790754138,5.5014368353,5.5461596784,5.5908825214
308,0.470651268,0.9631926246,8.8456592155,0.5559664545,8.8456592155,8.8948381134,8.9931959093,9.0915537051
309,-0.1304292561,0.6452288218,4.855299793,-0.0633276149,4.855299793,4.8522250474,4.8460755563,4.8399260652
310,-0.3520327253,0.9916180665,3.5364055276,0.476348977,3.5364055276,3.5532511592,3.5869424223,3.6206336854
311,0.397859259,0.3371345491,6.556000249,0.6255672864,6.556000249,6.5970124419,6.6790368276,6.7610612133
312,-0.7763289131,0.5641429299,5.969924231,0.8726760474,5.969924231,6.0220223298,6.1262185274,6.2304147251
313,0.5105751551,-0.9735877897,0.3917706589,0.6785939515,0.3917706589,0.3944291909,0.3997462549,0.4050633189
314,-0.9753391001,0.054866069,10.4090355279,-0.3648634113,10.4090355279,10.3710567658,10.2950992416,10.2191417173
315,-0.6050093317,0.6675535777,4.8299835801,0.2698988144,4.8299835801,4.8430196485,4.8690917854,4.8951639222
316,0.1518731391,-0.1470150075,4.6385322781,-0.0875093592,4.6385322781,4.6344731282,4.6263548285,4.6182365287
317,0.1931261679,0.2572962396,5.5322917578,0.4321536715,5.5322917578,5.5561997597,5.6040157636,5.6518317675
318,0.1541961234,-0.5834254218,3.411141886,0.22068558,3.411141886,3.4186697843,3.4337255808,3.4487813773
319,-0.8508509037,-0.00603405,9.5004552838,-0.4823688835,9.5004552838,9.4546280437,9.3629735636,9.2713190834
320,-0.1906162744,-0.8156240855,4.9797209318,0.0823527527,4.9797209318,4.9838218691,4.9920237436,5.0002256181
321,-0.0643404052,0.3362022467,5.1567894184,0.4438424958,5.1567894184,5.1796774413,5.225453487,5.2712295327
322,0.5853379509,-0.0196736834,6.027093621,0.3879823614,6.027093621,6.0504776812,6.0972458015,6.1440139218
323,0.0696007107,0.9452080127,5.4669204555,0.6882121692,5.4669204555,5.5045444674,5.5797924911,5.6550405148
324,-0.8153621008,-0.4287423831,10.973938495,-0.4476946827,10.973938495,10.9248087559,10.8265492776,10.7282897994
325,0.0450055246,0.6095649497,5.3951540158,-0.0814851631,5.3951540158,5.3907577658,5.3819652657,5.3731727656
326,-0.0913183288,-0.1005398916,5.0866332974,-0.7659607048,5.0866332974,5.0476716851,4.9697484606,4.8918252361
327,-0.7487716798,0.4355251331,6.5151476151,0.6103391039,6.5151476151,6.5549121087,6.6344410958,6.713970083
328,0.0866491901,0.9664731338,5.5695028361,0.5081682545,5.5695028361,5.5978052814,5.6544101721,5.7110150628
329,-0.7733477191,0.2880399718,7.4094687523,-0.1411820168,7.4094687523,7.3990079149,7.37808624,7.3571645652
330,-0.6900931,0.2290481795,7.1413686666,-0.2359725675,7.1413686666,7.1245169956,7.0908136536,7.0571103116
331,-0.8943188037,0.3876410701,7.7040020013,0.2177902082,7.7040020013,7.7207805633,7.7543376873,7.7878948113
332,0.1098387557,0.2055687699,5.2718501816,0.1547123327,5.2718501816,5.280006384,5.2963187888,5.3126311936
333,-0.1482429284,-0.1999699509,5.2256737431,-0.695716552,5.2256737431,5.1893178659,5.1166061115,5.0438943572
334,0.1509073619,-0.0449851773,4.868428793,0.2013368836,4.868428793,4.8782307358,4.8978346214,4.9174385071
335,-0.5278039447,0.0659202983,6.7387128231,-0.6487759398,6.7387128231,6.6949936757,6.6075553808,6.5201170859
336,-0.9786293345,-0.4691569565,13.2918563207,0.1742752752,13.2918563207,13.3150207399,13.3613495782,13.4076784166
337,-0.2636143511,0.8983988906,4.0445394216,-0.7383732183,4.0445394216,4.0146756257,3.9549480339,3.8952204421
338,0.4268624104,-0.0414606181,5.3171297201,-0.3170409421,5.3171297201,5.3002722419,5.2665572856,5.2328423293
339,0.1838907643,0.8744776983,6.2206133613,-0.6978130854,6.2206133613,6.1772051073,6.0903885992,6.0035720912
340,0.8549455626,0.6970153758,12.1822703724,0.553966354,12.1822703724,12.2497560514,12.3847274094,12.5196987675
341,-0.0562912736,-0.3836306883,4.692497038,0.4776610244,4.692497038,4.7149112674,4.7597397263,4.8045681851
342,0.7755589567,0.5547485273,10.4905834421,-0.4965618365,10.4905834421,10.4384912083,10.3343067407,10.2301222731
343,-0.0258370393,-0.5072121612,4.3564324884,-0.229693896,4.3564324884,4.3464260289,4.3264131099,4.3064001909
344,0.1000317713,-0.7667445876,3.0584664202,0.4653878968,3.0584664202,3.0727001527,3.1011676178,3.1296350829
345,-0.2207274407,0.9871693091,3.9517290344,0.7617078393,3.9517290344,3.9818296642,4.0420309239,4.1022321836
346,-0.0813661582,0.3987038011,5.1271205209,0.5171232524,5.1271205209,5.1536340533,5.2066611181,5.2596881829
347,0.0461535674,-0.6416285504,3.7038873186,-0.5903966607,3.7038873186,3.6820196916,3.6382844375,3.5945491834
348,0.154567023,-0.6004359064,3.354275482,-0.5489425168,3.354275482,3.3358624377,3.2990363492,3.2622102607
349,0.495694019,-0.1456439883,5.0606486464,0.3655369063,5.0606486464,5.0791471849,5.1161442619,5.1531413389
350,0.8064134329,-0.3205049685,5.2126547042,0.1167274886,5.2126547042,5.2187393051,5.230908507,5.2430777088
351,-0.2256271695,0.9663881898,3.9863433007,0.23229081,3.9863433007,3.9956032098,4.0141230281,4.0326428464
352,-0.5130823627,0.8691522755,3.8214495933,0.3188428786,3.8214495933,3.8336340132,3.858002853,3.8823716927
353,-0.0742912232,-0.526301007,4.5722902145,0.0686427032,4.5722902145,4.5754287581,4.5817058453,4.5879829325
354,-0.9384243026,-0.6994392511,13.747566184,-0.4804599763,13.747566184,13.6815146308,13.5494115243,13.4173084179
355,0.1758651545,-0.6850654848,2.9810433738,0.2173840138,2.9810433738,2.9875236855,3.000484309,3.0134449325
356,-0.3750660376,0.8660828815,3.9205541021,-0.8443757388,3.9205541021,3.8874498944,3.8212414791,3.7550330638
357,0.0264912205,0.2873619524,5.2350907459,0.8754177826,5.2350907459,5.2809196612,5.3725774919,5.4642353225
358,-0.4541282884,-0.7129618032,7.5304473277,0.8055747105,7.5304473277,7.591110707,7.7124374655,7.833764224
359,-0.8093216974,-0.0975963873,9.5301164215,-0.2353834153,9.5301164215,9.507684108,9.462819481,9.4179548539
360,0.103431464,-0.4094808637,4.0764309968,0.9228195219,4.0764309968,4.1140490978,4.1892852999,4.264521502
361,0.1424311991,0.0828781232,5.1176423864,0.6462000122,5.1176423864,5.1507125921,5.2168530036,5.282993415
362,-0.1789700526,-0.8764279448,4.7925480517,-0.3308857406,4.7925480517,4.7766901936,4.7449744774,4.7132587611
363,0.6672091122,-0.3892481506,4.1998992206,0.8174411594,4.1998992206,4.2342309255,4.3028943352,4.371557745
364,-0.2327838635,0.7058964306,4.5610830705,0.678333859,4.5610830705,4.5920224413,4.6539011829,4.7157799245
365,-0.0036997214,0.8757203026,5.0899229673,-0.0732273654,5.0899229673,5.0861957508,5.0787413178,5.0712868849
366,-0.5089006894,0.1642760429,6.355888332,0.3261862104,6.355888332,6.3766203633,6.4180844259,6.4595484884
367,-0.8923791606,0.5424775188,6.7336082223,0.3374114984,6.7336082223,6.7563281907,6.8017681275,6.8472080643
368,-0.2129234184,-0.5954710908,5.3770765996,0.7678452348,5.3770765996,5.418364226,5.5009394789,5.5835147318
369,-0.2119422067,-0.411947577,5.466054868,-0.404229923,5.466054868,5.4439594386,5.3997685798,5.3555777211
370,-0.253276259,-0.2114167505,5.6927346886,0.5163844788,5.6927346886,5.722131087,5.7809238837,5.8397166804
371,0.5313789274,-0.34454938,4.1355712799,-0.8040175205,4.1355712799,4.1023205622,4.0358191269,3.9693176916
372,0.9950597232,-0.3790597316,5.7926040275,0.5635549794,5.7926040275,5.8252485359,5.8905375528,5.9558265697
373,-0.9117322833,-0.418126033,12.1435886723,-0.3196627263,12.1435886723,12.1047701457,12.0271330924,11.9494960392
374,0.8813148103,0.6616566717,12.3080260532,-0.4483540953,12.3080260532,12.2528425143,12.1424754366,12.0321083589
375,0.9886778922,-0.34776279,6.0232625569,0.3789921366,6.0232625569,6.0460902484,6.0917456313,6.1374010142
376,0.6512597338,0.3225317359,8.158305013,-0.7542425341,8.158305013,8.0967716065,7.9737047936,7.8506379807
377,0.5966110261,-0.2680233576,4.7239128456,0.1336467337,4.7239128456,4.7302262008,4.7428529113,4.7554796217
378,-0.3744509181,-0.3894187214,6.5551800907,-0.8287081217,6.5551800907,6.5008567809,6.3922101613,6.2835635417
379,0.5689230868,-0.4144757325,3.8125447494,0.0005855934,3.8125447494,3.8125670754,3.8126117274,3.8126563795
380,-0.0154747051,0.432082756,5.215254813,0.191574306,5.215254813,5.2252459012,5.2452280776,5.2652102541
381,0.8033428103,-0.7618674007,1.7968613158,-0.7550460299,1.7968613158,1.7832941858,1.7561599257,1.7290256657
382,-0.3909804322,-0.9575808473,6.9015346124,0.9765482699,6.9015346124,6.9689314293,7.103725063,7.2385186967
383,-0.9568979412,0.5243368407,7.2724161052,-0.7619555562,7.2724161052,7.2170035266,7.1061783694,6.9953532123
384,0.0271710681,-0.8740202916,3.1723520508,0.9743523951,3.1723520508,3.203261939,3.2650817154,3.3269014917
385,-0.5882869532,0.0470761379,7.1696946807,0.5149192146,7.1696946807,7.2066128162,7.2804490873,7.3542853584
386,-0.8419738913,0.1385980698,8.6890910112,0.6880244406,8.6890910112,8.748874081,8.8684402207,8.9880063603
387,-0.2324787368,-0.2834652832,5.6001902589,0.9619326716,5.6001902589,5.6540603187,5.7618004382,5.8695405578
388,0.9188118782,-0.3885652097,5.2635880166,-0.1083612533,5.2635880166,5.2578843267,5.2464769468,5.2350695669
389,0.1273219259,-0.8130679411,2.7549353872,-0.8797051281,2.7549353872,2.7307000793,2.6822294636,2.6337588478
390,-0.9372026733,0.0023567236,10.3158370034,0.5145828137,10.3158370034,10.3689205277,10.4750875763,10.5812546249
391,-0.0080374012,0.7123967983,5.1731672682,-0.8335121023,5.1731672682,5.1300482929,5.0438103424,4.9575723919
392,-0.2498286688,-0.0590553543,5.6026336423,-0.1779955067,5.6026336423,5.5926612062,5.5727163339,5.5527714616
393,0.6298191933,-0.0602930068,6.0237977841,0.014740062,6.0237977841,6.0246856956,6.0264615187,6.0282373417
394,0.9534297803,0.9615048489,15.0458167219,0.6010873492,15.0458167219,15.1362552228,15.3171322246,15.4980092264
395,0.60359355,-0.4954437113,3.3837977359,0.1173647945,3.3837977359,3.3877691232,3.3957118977,3.4036546722
396,0.1735012458,-0.5586569207,3.4277639879,0.3299210031,3.4277639879,3.4390729012,3.4616907279,3.4843085546
397,-0.9374996134,0.1564776081,9.4371357256,-0.6162420489,9.4371357256,9.378980127,9.2626689299,9.1463577328
398,0.5879550358,-0.6608893362,2.3228240406,0.5730093896,2.3228240406,2.3361340405,2.3627540402,2.3893740399
399,0.328101705,0.601428172,6.8311715257,0.0881446115,6.8311715257,6.8371928353,6.8492354545,6.8612780737
400,0.0474736813,-0.5468345279,3.9362108053,-0.1661712371,3.9362108053,3.9296699551,3.9165882547,3.9035065543
